experiment_id,status,sequence_order,title,format,central_question,scene_or_demo,signals_to_capture,related_articles,related_tags,research_notes,next_action
exp-two-rooms-same-body,idea,1,Two Rooms Same Body,split-screen film,Can the same body feel different in two environments?,Same movement sequence performed in a harsh room and a coherent room.,"attention; breathing; posture; facial tension; subjective state","1; 5; 10","Light & Perception; Breath & Nervous System; Music & Emotion","note-environmental-architecture; note-sensory-coherence",Storyboard as opening website film or article hero.
exp-light-before-movement,idea,2,Light Changes the Class Before the Class Starts,cinematic article module,Does light alter readiness before movement begins?,Participant enters studio as lighting shifts from office-flat to biologically intentional.,"alertness; visual comfort; mood; readiness","2; 5; 6; 9; 12","Light & Perception; Breath & Nervous System","note-light-performance",Pair with Article 2 and avoid overclaiming colour psychology.
exp-metronome-to-movement,idea,3,Metronome to Movement,motion study,How quickly does rhythm organise movement?,Start with walking or breath in silence then introduce pulse music and group timing.,"cadence; synchrony; movement smoothness; perceived effort","3; 6; 8; 10","Rhythm & Entrainment; Music & Emotion; Flow State","note-rhythm-entrainment",Use as rhythm tag page visual.
exp-prediction-studio,idea,4,The Prediction Studio,interactive/cinematic explainer,What happens when sequence is predictable enough but not boring?,Compare chaotic cueing with coherent progressive sequencing.,"attention switching; error; confidence; learning; perceived safety","4; 5; 6; 9; 10","Breath & Nervous System; Flow State; Light & Perception","note-predictive-brain; note-sensory-coherence",Develop after Article 4 source links are verified.
exp-coherence-cut,idea,6,The Coherence Cut,edited film,What does sensory coherence look like on screen?,Cut between a class where light music timing voice and transitions conflict and one where they align.,"cognitive load; emotional tone; transition quality; immersion","6; 7; 9; 12","Light & Perception; Rhythm & Entrainment; Music & Emotion; Flow State","note-sensory-coherence",Make this the visual anchor for Article 6.
exp-group-flow-overhead,idea,8,Group Flow From Above,overhead studio film,Can collective flow be seen through timing and shared attention?,Overhead camera shows scattered movement becoming synchronised through rhythm and cues.,"synchrony; spacing; attention; group timing","3; 7; 8; 11; 12","Flow State; Rhythm & Entrainment; Music & Emotion","note-flow-state; note-rhythm-entrainment",Hold until Article 8 is expanded.
exp-breath-changes-room,placeholder,5,Breath Changes the Room,breath study film,How does breath change state regulation and the felt room?,Slow sequence where lighting and sound respond to breath tempo.,"breath rhythm; HRV if available; perceived calm; recovery","4; 5; 9; 11; 12","Breath & Nervous System; Light & Perception; Music & Emotion","note-breath-regulation",Use Article 5 as the main regulation anchor.
exp-measure-invisible,idea,8,Measure the Invisible,data/cinema hybrid,Can flow-like experience be represented without flattening it?,Show movement alongside HRV EDA eye tracking or self-report overlays.,"HRV; EDA; gaze; self-report; synchrony","9; 10","Flow State; Breath & Nervous System; Rhythm & Entrainment","note-flow-measurement",Use carefully as speculative future-facing visual.
exp-teachers-invisible-work,idea,9,The Teacher Before the Class,documentary short,What invisible work produces a coherent class?,Follow teacher preparation: playlist sequence lighting transitions injuries and recovery.,"time spent; decisions made; cognitive load; creative flow","7; 8; When Teaching Replaces Practice","Flow State; Music & Emotion; Rhythm & Entrainment","note-teacher-workload",Use for teacher-facing product narrative.
