slug,thesis
environmental-architecture,"Built environments are not neutral containers for practice; they shape stress, attention, emotion, perception, and recovery. This essay establishes the journal's core claim that architecture and atmosphere participate in human state rather than merely surrounding it."
light-performance-variable,"Light should be treated as a biological and performance variable, not decoration. The essay argues that lighting affects circadian timing, alertness, recovery, visual comfort, and emotional tone, making it one of the most practical levers in environmental state design."
rhythm-infrastructure,"Rhythm is infrastructure for movement because the nervous system uses timing information to coordinate action. This essay reframes music from motivational background into a temporal architecture that can organise cadence, synchrony, prediction, and group state."
predictive-brain-yoga-studio,"Yoga can be understood as prediction training: the brain continually anticipates movement, breath, sensation, teacher cues, and the room itself. The essay explains why coherent sequencing and sensory context matter because practice changes the relationship between expectation and experience."
beyond-homeostasis,"Health is not a return to static balance; it is adaptive regulation under changing demand. This essay brings allostasis, interoception, recovery, and predictive regulation into the spine so state design can be grounded in how the body actually prepares, responds, and learns."
sensory-coherence,"The nervous system does not experience light, sound, breath, space, and instruction as separate interventions. This essay defines sensory coherence as the alignment of environmental signals toward one behavioural objective, reducing friction and making adaptive state change more likely."
where-do-ideas-come-from,"Creative flow depends on the meeting point between expertise and release. Through Kounios, Beeman, Rosen, and jazz improvisation research, this essay shows why flow cannot be induced from outside, but environments can reduce interference around skilled action."
collective-flow,"Collective flow is the group version of state design: shared task, rhythm, attention, and feedback make room-level coordination more likely without claiming to manufacture flow. This essay bridges individual immersion, synchrony research, collective effervescence, and Sansara's shared-state design thesis."
state-engineering,"State engineering names the overall Sansara philosophy: design conditions that increase the probability of attention, regulation, learning, recovery, synchrony, and flow. The essay moves beyond exercise prescription toward environments built around psychophysiological state."
elite-athletes-yoga-teachers,"Yoga teachers can borrow from elite performance science by designing attention as carefully as movement. This essay translates quiet eye, cueing, motor prediction, rhythm, recovery, and ecological dynamics into practical teaching principles."
measure-flow,"Flow is meaningful precisely because it is difficult to measure without disrupting it. This essay argues for measuring the conditions and signatures around immersion, using biomarkers and behaviour carefully while preserving the first-person quality of experience."
environmental-performance,"The future of performance will be environmental: adaptive spaces, sensory coherence, rhythm, light, measurement, and AI will shape how people move, recover, learn, and connect. This capstone turns the journal into a manifesto for environment-led human performance."
can-technology-become-invisible,"The best technology in a movement environment should become less noticeable as the experience becomes more coherent. This companion essay argues that ambient systems should support preparation, performance, and adaptation without competing for attention."
the-neuroscience-of-awe,"Awe is a distinct state in which vastness and meaning alter attention, self-perception, and connection. This companion essay separates awe from flow while showing why scale, beauty, music, nature, and architecture matter to environmental experience."
designing-states-not-workouts,"This archive essay is an earlier synthesis of the state-design thesis: the future of wellness is not only better workouts but better conditions for attention, recovery, and flow. It remains useful as source material for the main state-engineering and manifesto essays."
next-performance-revolution-wont-happen-inside-you,"This archive manifesto argues that the next performance breakthrough will come from changing environments, not only individuals. It overlaps with the capstone but preserves a strong founder-thesis version of the environmental-performance argument."
why-beauty-matters,"Beauty matters because aesthetic coherence changes attention, emotion, and the felt quality of a place. This companion essay supports the sensory-coherence argument by showing why atmosphere is not superficial when the nervous system is part of the design problem."
when-teaching-replaces-practice,"Teaching often fails when the teacher's cognitive load overwhelms their own practice state. This companion essay frames preparation, sequencing, music selection, timing, and recovery as invisible labour that technology should reduce rather than intensify."
state-design-promise-problem-middle-path,"Shared state design is powerful because groups are already shaped by rhythm, attention, meaning, environment, and social context. Through Boomtown's Observatory and the Sansara studio model, this essay defines the ethical middle path: design conditions with transparency, consent, flexibility, and respect for individual interpretation."
